apparatus,name,group,value_letter
FX,倒立から下ろして開脚前挙（浮腰技）(脚前挙)支持(2秒),Ⅰ,A
FX,立位から（シンピ）伸腕屈身開脚力倒立・伸腕屈身閉脚力倒立(2秒),Ⅰ,A
FX,正面支持臥から勢いをつけて屈腕伸身力倒立(2秒),Ⅰ,A
FX,倒立(2秒),Ⅰ,A
FX,脚上挙支持(2秒),Ⅰ,B
FX,伸腕屈身閉脚力倒立(2秒),Ⅰ,B
FX,屈腕伸身力倒立(2秒),Ⅰ,B
FX,（シンピ）開脚座(脚前挙支持or開脚前挙支持)から伸腕屈身力倒立(2秒),Ⅰ,B
FX,立位から伸腕屈身力十字倒立(2秒),Ⅰ,B
FX,倒立から下ろして十字倒立(2秒),Ⅰ,B
FX,後転から十字倒立(2秒),Ⅰ,B
FX,（マンナ）脚上挙支持(脚が水平、2秒),Ⅰ,C
FX,脚上举支持(2秒)から（シンピ）伸腕屈身閉脚(開脚)力倒立(2秒),Ⅰ,C
FX,開脚座から伸腕屈身力十字倒立(2秒),Ⅰ,C
FX,マンナ(2秒)から（シンピ）伸腕屈身閉脚(開脚)力倒立(2秒),Ⅰ,D
FX,マンナ (2秒)から肩転位して倒立(2秒),Ⅰ,D
FX,開脚上水平支持(2秒),Ⅰ,A
FX,倒立(1回) ひねり,Ⅰ,A
FX,1回(1/2) ひねり倒立,Ⅰ,A
FX,脚上挙などから後方回転開脚立ち,Ⅰ,A
FX,開脚上水平支持(2秒)から伸腕伸身力倒立(2秒),Ⅰ,B
FX,前転開脚前挙支持経過倒立(2秒),Ⅰ,B
FX,上水平支持(2秒),Ⅰ,C
FX,中水平支持(2秒),Ⅰ,C
FX,前転脚前挙支持経過開脚倒立(2秒),Ⅰ,C
FX,（アルバリーニョ）水平支持(2秒)から伸腕伸身力倒立(2秒),Ⅰ,D
FX,（アルバリーニョ）中水平支持(2秒)から伸腕伸身力十字倒立(2秒),Ⅰ,D
FX,前方倒立回転,Ⅰ,A
FX,前後(左右)開脚座(瞬時静止),Ⅰ,A
FX,（バランス）片足平均立ち(2秒),Ⅰ,A
FX,後ろとび正面支持臥,Ⅰ,A
FX,（バランス）脚を保持しない180°開脚片足平均立ち(2秒),Ⅰ,B
FX,（エンドー）後ろとび屈・伸身正面支持臥,Ⅰ,B
FX,（エンドー）後ろとび1回ひねり正面支持臥,Ⅰ,B
FX,バタフライ,Ⅰ,A
FX,閉脚(開脚)旋回,Ⅰ,A
FX,開脚旋回ひねり,Ⅰ,A
FX,（トンフェイ）バタフライ1回ひねり,Ⅰ,B
FX,（トンフェイ）後方バタフライ1回ひねり,Ⅰ,B
FX,開脚(閉脚)旋回倒立,Ⅰ,B
FX,倒立から下ろして開脚(閉脚)旋回,Ⅰ,B
FX,（シュピンデル）開脚旋回1回ひねり(2回の旋回で),Ⅰ,B
FX,バタフライ2回ひねり,Ⅰ,C
FX,（ゴゴラーゼ）開脚(閉脚) 旋回倒立、下ろして開脚(閉脚)旋回,Ⅰ,C
FX,開脚旋回270°以上ひねり直接倒立(2回の旋回で),Ⅰ,C
FX,開脚旋回とび1回ひねり倒立、開脚旋回(2回のとびを伴う),Ⅰ,D
FX,ロシアン360°(540°)転向,Ⅰ,A
FX,後転倒立ひねり,Ⅰ,A
FX,開脚旋回ひねり倒立,Ⅰ,B
FX,ロシアン 720°(900°)転向,Ⅰ,B
FX,後転倒立とび1回ひねり,Ⅰ,B
FX,（フェドルチェンコ）ロシアン1080°以上転向,Ⅰ,C
FX,開脚旋回270°以上ひねり直接倒立、下ろして開脚(閉脚)旋回,Ⅰ,D
FX,（転回）前転とび,Ⅱ,A
FX,両足踏み切り前転とび,Ⅱ,A
FX,伸身前とび前転,Ⅱ,A
FX,前方かかえ込み(屈身)宙返り(ひねり),Ⅱ,A
FX,前方伸身宙返り(ひねり),Ⅱ,B
FX,（モランディ）前転とび直接前方かかえ込み宙返り,Ⅱ,D
FX,前方かかえ込み2回宙返り (ひねり),Ⅱ,D
FX,前方屈身2回宙返り (ひねり),Ⅱ,E
FX,前方かかえ込み(屈身) 宙返り正面支持臥,Ⅱ,B
FX,（デファー）前とびひねり後方かかえ込み2回宙返り,Ⅱ,D
FX,前方かかえ込み2回宙返り1回ひねり,Ⅱ,F
FX,（ザバタ）前方かかえ込み2回宙返り3/2ひねり,Ⅱ,F
FX,（ザバタ2）前方伸身(屈身)2回宙返り3/2ひねり,Ⅱ,G
FX,後方かかえ込み(屈身)宙返り,Ⅲ,A
FX,後方かかえ込み(屈身) 宙返りひねり(後ろとびひねりからも含む),Ⅲ,A
FX,（バク転）後転とび,Ⅲ,A
FX,後方伸身宙返り,Ⅲ,B
FX,テンポ宙返り,Ⅲ,B
FX,後方伸身宙返りてひねり(後ろとびひねりからも含む),Ⅲ,B
FX,後方かかえ込み2回宙返り,Ⅲ,C
FX,（サルト、ツカハラ）後方かかえ込み2回宙返り1回ひねり,Ⅲ,D
FX,（ツカハラ）後ろとびひねり前方かかえ込み2回宙返りひねり,Ⅲ,D
FX,（ダイビング前宙）後ろとびひねり前方かかえ込み2回宙返り,Ⅲ,D
FX,後方屈身2回宙返り,Ⅲ,D
FX,（ルドルフ）後方かかえ込み2回宙返り2回(3/2)ひねり,Ⅲ,E
FX,（サルトハーフ、コロステリエフ）後方伸身宙返り3/2ひねり前方かかえ込み宙返り,Ⅲ,E
FX,後ろとびひねり前方屈身2回宙返り(ひねり),Ⅲ,E
FX,（ルドルフハーフ）後方かかえ込み2回宙返り5/2ひねり,Ⅲ,F
FX,（リ・ジョンソン）後方かかえ込み2回宙返り3回ひねり,Ⅲ,G
FX,（リューキン）後方かかえ込み3回宙返り,Ⅲ,I
FX,（ナゴルニー）後方屈身3回宙返り,Ⅲ,J
FX,後ろとびひねり前転,Ⅲ,A
FX,（ロウ・ユン）側方開脚2回宙返り3/4ひねり,Ⅲ,E
FX,後方伸身2回宙返り (ひねり),Ⅲ,E
FX,（タマヨ）後ろとびひねり前方伸身2回宙返り,Ⅲ,E
FX,後方伸身宙返り1回ひねり即後方屈身宙返り,Ⅲ,E
FX,（伸身サルト）後方伸身2回宙返り1回ひねり,Ⅲ,F
FX,（ベネフ）後ろとびひねり前方伸身2回宙返りひねり,Ⅲ,F
FX,（コリバノフ）後方伸身宙返り2回ひねり即後方屈身宙返り,Ⅲ,F
FX,（伸身サルトハーフ）後方伸身2回宙返り3/2ひねり,Ⅲ,G
FX,（ヒポリト）後ろとびひねり前方伸身2回宙返り1回ひねり,Ⅲ,G
FX,（伸身ルドルフハーフ）後方伸身2回宙返り5/2ひねり,Ⅲ,H
FX,（伸身ルドルフ）後方伸身2回宙返り2回ひねり,Ⅲ,G
FX,（リ・ジョンソンハーフ、ミナミ）後方かかえ込み2回宙返り7/2ひねり,Ⅲ,H
FX,（伸身リ・ジョンソン、シライ3）後方伸身2回宙返り3回ひねり,Ⅲ,I
FX,（伸身リ・ジョンソンハーフ、ジャーマン）後方伸身2回宙返り３回半ひねり,Ⅲ,J
FX,前方かかえ込み宙返り1回(１回半)ひねり,Ⅳ,B
FX,後方伸身宙返り1回ひねり,Ⅳ,B
FX,後方かかえ込み宙返り１回半ひねり,Ⅳ,B
FX,前方伸身宙返り1回(１回半) ひねり,Ⅳ,C
FX,後方伸身宙返り１回半(2回) ひねり,Ⅳ,C
FX,前方伸身宙返り2回ひねり,Ⅳ,D
FX,後方伸身宙返り２回半ひねり,Ⅳ,D
FX,後方伸身宙返り3回ひねり,Ⅳ,D
FX,前方伸身宙返り２回半ひねり,Ⅳ,E
FX,（ゴンザレス）後方伸身宙返り３回半ひねり,Ⅳ,E
FX,（シライ2）前方伸身宙返り3回ひねり,Ⅳ,F
FX,（シライ/グエン）後方伸身宙返り4回ひねり,Ⅳ,F
FX,（ゴシマ）前方伸身宙返り３回半ひねり,Ⅳ,G
PH,（正セア）正交差,Ⅰ,A
PH,正交差横移動（ひねり）,Ⅰ,B
PH,正交差とび横移動（馬端～馬端）,Ⅰ,C
PH,正交差ひねり,Ⅰ,A
PH,正交差ひねり逆交差入れ,Ⅰ,B
PH,正交差横移動ひねり逆交差入れ,Ⅰ,C
PH,"（ミクラック）正交差横移動ひねり逆交差入れ
（馬端～馬端）",Ⅰ,D
PH,"（ステパンヤン）正交差倒立横移動ひねり逆交差
入れ",Ⅰ,C
PH,"開脚支持から後ろ抜き倒立
下ろして開脚支持",Ⅰ,B
PH,"（リーニン）（ブライアン）正交差ひねり一把手上倒立経過
逆交差入れ",Ⅰ,D
PH,逆交差,Ⅰ,A
PH,逆交差横移動（ひねり）,Ⅰ,B
PH,逆交差とび横移動（馬端～馬端）,Ⅰ,C
PH,逆交差ひねり,Ⅰ,A
PH,逆交差ひねり正交差入れ,Ⅰ,B
PH,"（逆セア倒立）開脚支持後ろ振り一把手上倒立経
過、逆交差入れ",Ⅰ,C
PH,"（トーマス）・横向き旋回
・横向き開脚旋回",Ⅱ,A
PH,"・両把手を挟んで横向き旋回
・あん部馬背横向き旋回",Ⅱ,B
PH,馬端中向き縦向き旋回,Ⅱ,A
PH,"（ループ）一把手上縦向き旋回（前または後に
1/4転向を伴っても）",Ⅱ,B
PH,馬端外向き縦向き旋回,Ⅱ,A
PH,あん部馬背縦向き旋回,Ⅱ,B
PH,旋回1/4ひねり,Ⅱ,A
PH,（ケイハ2）旋回ひねり,Ⅱ,B
PH,"（シュピンデル）一把手を挟んで横向き(開脚)旋回１
回ひねり（２回以内の旋回で）",Ⅱ,D
PH,"（アイヒホルン、シュピンデルで一往復）横向き(開脚)旋回１回ひねりで逆馬
端へ移動し再び戻る(２回以内の旋
回で）",Ⅱ,E
PH,"（ケイハ1,ケイハ5）両把手を挟んで（開脚）旋回１回
ひねり（２回以内の旋回で）（シュピンデル）",Ⅱ,F
PH,"(馬端でシュピンデル)馬端旋回１回ひねり
（２回以内の旋回で）（マジャール）",Ⅱ,D
PH,"(ベルキ)両把手上開脚旋回１回ひねり
（２回以内の旋回で）（ポメル上でシュピンデル）",Ⅱ,E
PH,"あん部馬背縦向き旋回１回ひねり
（２回以内の旋回で）（シュピンデル）",Ⅱ,F
PH,（Aシュテ）シュテクリＡ（ＤＳＡ）,Ⅱ,B
PH,"（ケイハ3,ケイハ6）両把手を挟んでシュテクリA",Ⅱ,D
PH,（Bシュテ）シュテクリＢ（ＤＳＢ）,Ⅱ,B
PH,（ティッペルト）（開脚）旋回倒立ひねり、下ろして（開脚）旋回,Ⅱ,C
PH,"開脚背面とび横移動倒立経過、下ろ
して（開脚）旋回",Ⅱ,D
PH,（ブスナリ）下向き逆移動（DSA or 一把手上旋回）倒立3/3部分移動１回ひねり、下ろして開脚旋回,Ⅱ,F
PH,上向き転向,Ⅱ,A
PH,"一腕上上向き270°転向
（縦向き〜横向き）",Ⅱ,B
PH,"（ベルトンチェリ）一腕上上向き270°転向
（横向き〜縦向き）",Ⅱ,C
PH,（ショーン）一腕上上向き全転向,Ⅱ,D
PH,直接トラムロー,Ⅱ,B
PH,"・下向き逆移動
・一腕上下向き270°転向（縦向き〜横向き）",Ⅱ,B
PH,"（ダフチャン）一腕上下向き270°転向
（両把手から一把手上縦向き支持）",Ⅱ,C
PH,（ベズゴ）一腕上下向き全転向,Ⅱ,E
PH,馬端下向き転向,Ⅱ,A
PH,"（フクガ）把手上（一把手を挟んで）下向き
転向",Ⅱ,B
PH,（ピネーロ）両把手を挟んで下向き転向,Ⅱ,D
PH,下向き正転向移動,Ⅱ,A
PH,把手上ロシアン180゜（270゜）転向,Ⅱ,A
PH,把手上ロシアン360゜（540゜）転向,Ⅱ,A
PH,把手上ロシアン720゜（900゜）転向,Ⅱ,B
PH,把手上ロシアン1080゜以上転向,Ⅱ,C
PH,"馬端馬背ロシアン180゜（270゜）転向
（移動）",Ⅱ,A
PH,馬端馬背ロシアン360゜（540゜）転向,Ⅱ,A
PH,馬端馬背ロシアン720゜（900゜）転向,Ⅱ,B
PH,馬端馬背ロシアン1080°以上転向,Ⅱ,C
PH,一把手上（あん部馬背）ロシアン180゜（270゜）転向,Ⅱ,B
PH,一把手上（あん部馬背）ロシアン360゜（540゜）転向,Ⅱ,C
PH,一把手上（あん部馬背）ロシアン720゜(900°)以上転向,Ⅱ,D
PH,一把手上（あん部馬背）ロシアン1080゜以上転向,Ⅱ,E
PH,Dコンバイン,Ⅱ,D
PH,Eコンバイン,Ⅱ,E
PH,Fコンバイン,Ⅱ,F
PH,Gコンバイン,Ⅱ,G
PH,Hコンバイン,Ⅱ,H
PH,Dフロップ,Ⅱ,D
PH,Eフロップ,Ⅱ,E
PH,Fフロップ,Ⅱ,F
PH,横移動(1/3部分),Ⅲ,A
PH,横移動 (3/3:馬端－把手－把手－馬端),Ⅲ,B
PH,とび横移動 (1/3部分),Ⅲ,B
PH,全ての横向き旋回移動ひねり,Ⅲ,B
PH,縦向き前(後ろ) 移動1/4ひねり両把手横向き支持,Ⅲ,B
PH,横移動 (3/3: 馬端ーあん部馬背一馬端),Ⅲ,C
PH,とび横移動 (3/3:馬端一両把手-馬端),Ⅲ,C
PH,(とび) 横移動 (3/3:馬端一馬端),Ⅲ,C
PH,(ニンレイズ/ティトフ)一把手を越えて縦(横)向き3/3移動ひねり,Ⅲ,D
PH,(ヤマワキ)背面とび横移動 (馬端馬背－馬端馬背),Ⅲ,E
PH,正面横移動ひねり、背面横移動ひねり(馬端～馬端),Ⅲ,E
PH,(ニンレイズ2、ケイハ4)両把手を越えて縦向き3/3移動ひねり,Ⅲ,E
PH,縦向き後ろ移動(1/3部分),Ⅲ,A
PH,縦向き前移動(2/3or1/2部分),Ⅲ,B
PH,縦向き後ろ移動(2/3or1/2部分),Ⅲ,B
PH,縦向き前移動 (3/3:馬端－把手－把手一馬端),Ⅲ,C
PH,縦向き後ろ移動 (3/3:馬端－把手－把手一馬端),Ⅲ,C
PH,（マジャール）縦向き前移動(3/3:馬端－把手－あん部馬背－把手－馬端),Ⅲ,D
PH,（シバド）縦向き後ろ移動 (3/3:馬端－把手－あん部馬背－把手－馬端),Ⅲ,D
PH,（モギルニー）上向き転向、下向き逆移動、上向き転向,Ⅲ,D
PH,（ウルジカ2/パークハート）開脚旋回3/3移動1回ひねり (2回以内の旋回で),Ⅲ,E
PH,（ドリッグス）縦向き(とび)前移動(馬端一馬端),Ⅲ,E
PH,（クルバノフ/リード）縦向き(とび)後ろ移動(馬端一馬端),Ⅲ,E
PH,馬端横向き支持から下向き正転向移動(把手間に着手なしで逆馬端へ)(横向き～横向き、横向き～縦向き),Ⅲ,C
PH,（ベレンキ）下向き逆移動、上向き転向、下向き逆移動,Ⅲ,D
PH,（トンフェイ）馬端馬背支持から下向き正転向移動(馬端～馬端、把手または把手間に着手なしで) (横向き～横向き、横向き～縦向き、縦向き～横向き、縦向きー縦向き),Ⅲ,D
PH,馬端横向き支持からロシアン630°(以上)転向移動(3/3部分),Ⅲ,D
PH,（ロス）ロシアン360°転向移動(3/3部分),Ⅲ,D
PH,（パンメン）馬端縦向き支持から両把手を越えてロシアン360°(以上)正転向,Ⅲ,E
PH,（ウ・グォニアン）ロシアン720°(以上)転向移動(3/3部分:あん部馬背へ両手で着手),Ⅲ,E
PH,（ロメロ）馬端外向き支持から遠い方の把手へ下向き逆移動、一把手上縦向き外向き支持,Ⅲ,C
PH,（アブ・アル・サウド）馬端外向き支持から下向き逆移動で反対の馬端外向き支持,Ⅲ,D
PH,下向き転向下り,Ⅳ,A
PH,馬端ロシアン180°(270°)転向下り,Ⅳ,A
PH,下向き正移動下向き転向下り,Ⅳ,A
PH,シャギニアン下り,Ⅳ,B
PH,馬端馬背ロシアン720°(900°)転向下り,Ⅳ,B
PH,旋回倒立下り,Ⅳ,B
PH,旋回倒立270°ひねり下り(移動の有無に関わらず),Ⅳ,B
PH,馬端ロシアン 1080°(以上)転向下り,Ⅳ,C
PH,（C降り）DSA(下向き逆移動 or 一把手上旋回)倒立下り,Ⅳ,C
PH,旋回背面とび横移動倒立下り,Ⅳ,C
PH,（コリバノフ）旋回倒立450°(以上)ひねり3/3部分移動下り,Ⅳ,D
PH,（ドリーゼ）両把手から1/4転向、ただちに一把手上ロシアン 270°転向倒立下り,Ⅳ,D
PH,（D降り）（イェッセン、ルース）DSA(下向き逆移動)直接背面とび横移動倒立下り,Ⅳ,D
PH,（ベルラン）馬端から反対の馬端へロシアン180°転向移動倒立下り,Ⅳ,D
PH,（E降り）DSA倒立450°(以上)ひねり3/3部分移動下り,Ⅳ,E
PH,（F降り）,Ⅳ,F
SR,前振り上がり支持,Ⅰ,A
SR,支持後ろ振り、前に回りながら懸垂,Ⅰ,A
SR,ほん転逆上がり支持,Ⅰ,A
SR,（ケキ）前振り上がり支持前方回転振り出し懸垂後ろ振り,Ⅰ,B
SR,（経過車輪）後方車輪倒立経過,Ⅰ,B
SR,ほん転逆上がり倒立経過,Ⅰ,B
SR,（グチョギー）後方かかえ込み2回宙返り懸垂,Ⅰ,C
SR,（オニール）後方屈身(伸身)2回宙返り懸垂,Ⅰ,D
SR,後方屈身(伸身)懸垂回転,Ⅰ,A
SR,後ろ振り上がり支持,Ⅰ,A
SR,前方屈身(伸身)懸垂回転,Ⅰ,A
SR,（肩テイン）懸垂からゆっくりと肩転位,Ⅰ,A
SR,（クーゲル）前方車輪倒立経過,Ⅰ,B
SR,後ろ振り上がり倒立経過,Ⅰ,B
SR,（ホンマ）前方ほん転逆上がり支持,Ⅰ,B
SR,（ヤマワキ）前方かかえ込み2回宙返り懸垂,Ⅰ,B
SR,（伸身ホンマ）前方伸身ほん転逆上がり支持,Ⅰ,C
SR,（ジョナサン）前方屈身(伸身)2回宙返り懸垂,Ⅰ,C
SR,け上がり支持,Ⅰ,A
SR,後方屈腕け上がり支持,Ⅰ,A
SR,支持前振り出し懸垂後ろ振り,Ⅰ,A
SR,屈腕屈身(伸身)逆上がり支持,Ⅰ,A
SR,十字懸垂から屈腕屈身(伸身)逆上がり支持,Ⅰ,A
SR,後方伸腕け上がり支持,Ⅰ,B
SR,支持後ろ振り前方屈身宙返り支持,Ⅰ,C
SR,後方屈腕け上がり倒立(2秒),Ⅰ,B
SR,後方屈腕伸身支持回転倒立(2秒),Ⅰ,B
SR,支持後ろ振り倒立(2秒),Ⅰ,B
SR,（ホンテン）後方車輪倒立(2秒),Ⅰ,C
SR,ほん転逆上がり倒立(2秒),Ⅰ,C
SR,前方車輪倒立(2秒),Ⅰ,C
SR,後ろ振り上がり倒立(2秒),Ⅰ,C
SR,ホンマ支持後ろ振り倒立(2秒),Ⅰ,C
SR,伸身ホンマ支持後ろ振り倒立(2秒),Ⅰ,D
SR,脚前挙支持(2秒),Ⅱ,A
SR,開脚前挙支持(2秒),Ⅱ,A
SR,背面水平懸垂(2秒),Ⅱ,A
SR,正面水平懸垂(2秒),Ⅱ,A
SR,開脚上水平支持(2秒),Ⅱ,A
SR,脚上挙支持(2秒),Ⅱ,B
SR,閉脚水平支持(2秒),Ⅱ,C
SR,十字懸垂(2秒),Ⅱ,C
SR,脚前举十字懸垂(2秒),Ⅱ,C
SR,脚上挙十字懸垂(2秒),Ⅱ,C
SR,十字倒立(2秒),Ⅱ,D
SR,（ヒロンデル）中水平支持(2秒),Ⅱ,D
SR,（ツカハラ3）脚上挙十字懸垂から引き上げ脚上挙支持(2秒),Ⅱ,D
SR,上向き中水平支持(2秒),Ⅱ,E
SR,（コラック）懸垂から伸腕で引き上げ脚上挙十字懸垂(2秒),Ⅱ,E
SR,屈腕屈身(開脚)力倒立(2秒),Ⅱ,A
SR,ゆっくりと前方屈腕屈身支持回転,Ⅱ,A
SR,（シンピ倒立）伸腕屈身(開脚)力倒立(2秒),Ⅱ,B
SR,開脚水平から伸腕屈身力倒立(2秒),Ⅱ,B
SR,ゆっくりと前方屈腕伸身支持回転,Ⅱ,B
SR,ゆっくりと伸腕伸身逆上がり脚前挙支持(2秒),Ⅱ,B
SR,支持(水平支持)から伸腕伸身力倒立(2秒),Ⅱ,C
SR,ゆっくりと前方伸腕伸身支持回転(脚前挙)十字懸垂(2秒),Ⅱ,C
SR,中水平支持から伸腕伸身力倒立(2秒),Ⅱ,D
SR,屈腕引き上げ背面水平懸垂(2秒),Ⅱ,B
SR,(脚前举)十字懸垂から背面水平懸垂(2秒),Ⅱ,B
SR,倒立から中水平を経過して背面水平懸垂(2秒),Ⅱ,B
SR,倒立からゆっくり十字倒立経過逆懸垂,Ⅱ,B
SR,伸腕引き上げ背面水平懸垂(2秒),Ⅱ,C
SR,懸垂から引き上げ脚前挙支持(2秒),Ⅱ,C
SR,（リー・シャオシュン）支持(十字懸垂)からゆっくり下ろしで懸垂経過、伸腕引き上げ十字懸垂(2秒),Ⅱ,C
SR,（アザリアン）伸身逆上がり(脚前 )十字懸垂(2秒),Ⅱ,D
SR,（タイ）伸身逆上がり脚上举十字懸垂(2秒),Ⅱ,D
SR,（ナカヤマ、グ・キュウ・チャン）背面水平懸垂経過(脚前挙/脚上)十字懸垂(2秒),Ⅱ,D
SR,懸垂から伸腕で引き上げ(脚前挙)十字懸垂(2秒),Ⅱ,D
SR,中水平支持から押し上げ上水平支持（2秒）,Ⅱ, D
SR,（バンゲルダー）水平支持からゆっくり下ろして背面水平懸垂経過引き上げ(中)水平支持(2秒),Ⅱ,E
SR,（バンゲルダー）中水平支持からゆっくり下ろして背面水平経過引き上げ水平支持(2秒),Ⅱ,E
SR,中水平支持から押し上げ水平支持(2秒),Ⅱ,E
SR,（ザフラン）背面水平懸垂経過伸腕伸身引き上げ上向き中水平支持(2秒),Ⅱ,F
SR,（ザネッティ）背面水平懸垂から引き上げ中水平(水平)支持(2秒),Ⅱ,F
SR,（タロック2）懸垂から伸腕で引き上げ上向き中水平支持(2秒),Ⅱ,G
SR,(脚前挙)十字懸垂から引き上げ脚前挙支持(2秒),Ⅱ,C
SR,十字懸垂から引き上げ上水平支持(2秒),Ⅱ,D
SR,（ボロビオフ/ゾウ）十字倒立からゆっくり下ろして逆懸垂経過伸腕伸身逆上がり(脚上挙)十字懸垂(2秒),Ⅱ,D
SR,脚前举十字懸垂から伸腕屈身(伸身)力十字倒立(2秒),Ⅱ,E
SR,（カルモナ）十字懸垂から伸腕伸身中水平支持(2秒),Ⅱ,E
SR,（ヨブチェフ）十字倒立からゆっくり下ろして逆懸垂経過伸腕伸身逆上がり(中)水平支持(2秒),Ⅱ,E
SR,十字懸垂から伸腕伸身カ十字倒立(2秒),Ⅱ,F
SR,中水平支持から伸腕伸身力十字倒立(2秒),Ⅱ,F
SR,（カルモナ）背面水平懸垂経過伸身引き上げ十字倒立(2秒),Ⅱ,G
SR,（グ・キュウ・チャン2）ゆっくりと前方伸腕伸身支持回転十字懸垂経過水平支持(2秒),Ⅱ,D
SR,（アザリアン上水平、ヤン・ミンヨン）ゆっくりと後方伸腕伸身逆上がり水平支持(2秒),Ⅱ,E
SR,（アザリアン中水平）ゆっくりと後方伸腕伸身逆上がり中水平支持(2秒),Ⅱ,E
SR,（ウィン）ゆっくりと伸身で前に回り十字懸垂経過十字倒立(2秒),Ⅱ,E
SR,（アザリアン十字倒立、シーモノフ）ゆっくりと後方伸腕伸身逆上がり十字倒立(2秒),Ⅱ,F
SR,（タロック）伸身逆上がり十字懸垂経過上向き中水平支持(2秒),Ⅱ,F
SR,（ダフチャン）ゆっくりと伸身で前に回り(脚前挙)十字懸垂(2秒),Ⅱ,D
SR,（チンゴラーニ）懸垂から伸腕伸身力倒立(2秒),Ⅱ,D
SR,（ファム2）ゆっくりと伸身で前に回り十字懸垂経過中水平支持(2秒),Ⅱ,E
SR,（バランディン3）懸垂から伸腕伸身水平支持(2秒),Ⅱ,E
SR,（バランディン1）懸垂から伸腕伸身中水平支持(2秒),Ⅱ,F
SR,（バランディン2）懸垂から伸腕伸身十字倒立(2秒),Ⅱ,G
SR,前振り上がり脚前举支持(2秒),Ⅲ,B
SR,け上がり脚前挙支持(2秒),Ⅲ,B
SR,ホンマ脚前 支持(2秒),Ⅲ,B
SR,前振り上がり脚上挙支持(2秒),Ⅲ,C
SR,け上がり脚上挙支持(2秒),Ⅲ,C
SR,（グラシア）ホンマ脚上 支持(2秒),Ⅲ,C
SR,(伸身)ホンマ(脚前挙) 十字懸垂(2秒),Ⅲ,D
SR,支持後ろ振り前方屈身宙返り直接(脚前挙)十字懸垂(2秒),Ⅲ,D
SR,（タナカ）ホンマ脚上举十字懸垂(2秒),Ⅲ,E
SR,前振り上がり(脚前挙) 十字懸垂(2秒),Ⅲ,C
SR,後ろ振り上がり (脚前挙) 十字懸垂(2秒),Ⅲ,C
SR,け上がり(脚前挙) 十字懸垂(2秒),Ⅲ,C
SR,後方け上がり(脚前挙) 十字懸垂(2秒),Ⅲ,C
SR,（モリナリ）け上がり脚上挙十字懸垂 (2秒),Ⅲ,D
SR,後方け上がり上水平支持(2秒),Ⅲ,D
SR,後方け上がり中水平支持(2秒),Ⅲ,E
SR,け上がり上向き中水平支持(2秒),Ⅲ,F
SR,（デルチェフ）ほん転逆上がり、脚を腕の上に乗せた開脚前挙支持(2秒),Ⅲ,B
SR,ほん転逆上がり開脚上水平支持(2秒),Ⅲ,B
SR,後ろ振り上がり開脚上水平支持(2秒),Ⅲ,B
SR,ほん転逆上がり(脚前挙) 十字懸垂(2秒),Ⅲ,C
SR,ほん転逆上がり上水平支持(2秒),Ⅲ,D
SR,後ろ振り上がり閉脚上水平支持(2秒),Ⅲ,D
SR,後方け上がり十字倒立(2秒),Ⅲ,E
SR,ほん転逆上がり中水平支持(2秒),Ⅲ,E
SR,ほん転逆上がり十字倒立(2秒),Ⅲ,E
SR,後ろ振り上がり中水平支持(2秒),Ⅲ,E
SR,（ロドリゲス）前振り上がり上向き中水平支持(2秒),Ⅲ,F
SR,伸身逆上がり水平支持(2秒),Ⅲ,D
SR,後ろ振り上がり十字倒立(2秒),Ⅲ,E
SR,前方屈身(伸身)宙返り (ひねり) 下り,Ⅳ,A
SR,前方屈身(伸身)宙返り1回ひねり下り,Ⅳ,B
SR,前方屈身(伸身)宙返り3/2ひねり下り,Ⅳ,C
SR,前方かかえ込み2回宙返り (ひねり)下り,Ⅳ,C
SR,前方屈身(伸身)宙返り2回ひねり下り,Ⅳ,D
SR,（フィッシャー）前方かかえ込み2回宙返り3/2(1回)ひねり下り,Ⅳ,D
SR,（バラパノフ）前方屈身2回宙返り (ひねり) 下り,Ⅳ,D
SR,（バラパノフ１回・１回半）前方屈身2回宙返り3/2(1回)ひねり下り,Ⅳ,E
SR,後方屈身(伸身)宙返り (ひねり) 下り,Ⅳ,A
SR,後方伸身宙返り1回ひねり下り,Ⅳ,B
SR,後方かかえ込み(屈身) 2回宙返り下り,Ⅳ,B
SR,後方伸身宙返り2回(3/2) ひねり下り,Ⅳ,C
SR,後方伸身2回宙返り下り,Ⅳ,C
SR,（サルト）後方かかえ込み2回宙返り1回(3/2)ひねり下り,Ⅳ,C
SR,後方かかえ込み2回宙返りひねり下り,Ⅳ,C
SR,後方伸身宙返り3回ひねり下り,Ⅳ,E
SR,（ルドルフ）後方かかえ込み2回宙返り2回ひねり下り,Ⅳ,E
SR,（ルドルフハーフ、トゥーハ）後方かかえ込み2回宙返り5/2ひねり下り,Ⅳ,F
SR,後方かかえ込み3回宙返り下り,Ⅳ,G
SR,（ウィッテンバーグ）後方屈身3回宙返り下り,Ⅳ,I
SR,後方伸身宙返り1回ひねり後方かかえ込み宙返り下り,Ⅳ,C
SR,（伸身サルト）後方伸身2回宙返り1回 (1/2) ひねり下り,Ⅳ,D
SR,（伸身ルドルフ）後方伸身2回宙返り2回 (3/2) ひねり下り,Ⅳ,F
VT,前転とび前方かかえ込み宙返りひねり,Ⅰ,2.4
VT,(転回前宙ハーフ、抱え込みクエルボ)前転とびひねり後方かかえ込み宙返り,Ⅰ,2.4
VT,（抱え込みカサマツ）側転とび1/4ひねり前方かかえ込み宙返りひねり,Ⅰ,2.4
VT,ツカハラ1回ひねり,Ⅰ,2.4
VT,（転回前宙1回ひねり）前転とび前方かかえ込み宙返り1回ひねり,Ⅰ,2.8
VT,クエルボひねり,Ⅰ,2.8
VT,（転回屈伸ハーフ）前転とび前方屈身宙返りひねり,Ⅰ,2.8
VT,屈身クエルボ,Ⅰ,2.8
VT,ツカハラ3/2ひねり,Ⅰ,2.8
VT,（抱え込みカサマツハーフ）カサマツひねり,Ⅰ,2.8
VT,（抱え込みローユン）前転とび前方かかえ込み宙返り3/2ひねり,Ⅰ,3.2
VT,クエルボ1回ひねり(クロル),Ⅰ,3.2
VT,前転とび前方屈身宙返り1回ひねり,Ⅰ,3.2
VT,（転回屈伸1回ひねり）屈身クエルボひねり,Ⅰ,3.2
VT,（抱え込みアカピアン）ツカハラ2回ひねり(バルビエリ),Ⅰ,3.2
VT,前転とび前方かかえ込み宙返り2回ひねり,Ⅰ,3.6
VT,（抱え込みヨー、抱え込みローユンハーフ）クエルボ3/2ひねり(カンパス),Ⅰ,3.6
VT,前転とび前方屈身宙返り3/2ひねり,Ⅰ,3.6
VT,（屈伸ローユン）屈身クエルボ1回ひねり,Ⅰ,3.6
VT,前転とび前方伸身宙返りひねり,Ⅰ,3.6
VT,伸身クエルボ,Ⅰ,3.6
VT,（抱え込みドリックス）ツカハラ5/2ひねり,Ⅰ,3.6
VT,前転とび前方伸身宙返り1回ひねり,Ⅰ,4
VT,伸身クエルボひねり,Ⅰ,4
VT,前転とび前方伸身宙返り3/2ひねり,Ⅰ,4.4
VT,（ローユン）伸身クエルボ1回ひねり(ロウ・ユン),Ⅰ,4.4
VT,（ヨー）前転とび前方伸身宙返り2回ひねり,Ⅰ,4.8
VT,（ローユンハーフ）伸身クエルボ3/2ひねり,Ⅰ,4.8
VT,（ヨー2）前転とび前方伸身宙返り5/2ひねり(ヨー2),Ⅰ,5.2
VT,(ヤン・ハクソン)前転とび前方伸身宙返り3回ひねり,Ⅰ,5.6
VT,伸身カサマツ,Ⅰ,3.6
VT,伸身ツカハラ1回ひねり,Ⅰ,3.6
VT,（カサマツハーフ）伸身カサマツひねり,Ⅰ,4
VT,伸身ツカハラ3/2ひねり,Ⅰ,4
VT,（アカピアン）伸身カサマツ1回ひねり,Ⅰ,4.4
VT,伸身ツカハラ2回ひねり,Ⅰ,4.4
VT,（ドリッグス）伸身カサマツ3/2ひねり,Ⅰ,4.8
VT,（ロペス）伸身カサマツ2回ひねり,Ⅰ,5.2
VT,（ヨネクラ）伸身カサマツ5/2ひねり,Ⅰ,5.6
VT,（転回）前転とび,Ⅱ,1.2
VT,（転回ひねり）前転とびひねり,Ⅱ,1.4
VT,（転回１回ひねり）前転とび1回ひねり,Ⅱ,1.6
VT,（転回１回半）前転とび3/2ひねり,Ⅱ,1.8
VT,（転回２回）前転とび2回ひねり,Ⅱ,2
VT,（転回２回半、ツィガンコフ）前転とび5/2ひねり,Ⅱ,2
VT,（転回前宙）前転とび前方かかえ込み宙返り,Ⅱ,2
VT,（転回屈伸）前転とび前方屈身宙返り,Ⅱ,2.4
VT,（転回伸身）前転とび前方伸身宙返り,Ⅱ,3.2
VT,（ローチェ）前転とび前方かかえ込み2回宙返り,Ⅱ,4.8
VT,（ドラグレスク）ローチェひねり,Ⅱ,5.2
VT,（ジャーマン）前転とび前方かかえ込み宙返りひねり後方かかえ込み宙返り,Ⅱ,5.2
VT,（ブラニク）前転とび前方屈身2回宙返り,Ⅱ,5.2
VT,（ブラニクハーフ、リ・セグァン２）屈身ドラグレスク,Ⅱ,5.6
VT,側転とび1/4ひねり,Ⅲ,1.2
VT,側転とび3/4ひねり,Ⅲ,1.4
VT,側転とび5/4ひねり,Ⅲ,1.6
VT,(ツカハラ)側転とび1/4ひねり後方かかえ込み宙返り,Ⅲ,1.8
VT,屈身ツカハラ,Ⅲ,2
VT,ツカハラひねり,Ⅲ,2
VT,伸身ツカハラ,Ⅲ,2.8
VT,伸身ツカハラひねり,Ⅲ,3.2
VT,側転とび1/4ひねり前方伸身宙返り,Ⅲ,3.2
VT,（ツカハラ宙返り、ヨー）ツカハラ後方かかえ込み宙返り,Ⅲ,4.8
VT,（屈伸ツカハラ宙返り、ルー・ユーフ）屈身ツカハラ後方屈身宙返り,Ⅲ,5.2
VT,（リ・セグァン）ツカハラ後方かかえ込み宙返り1回ひねり,Ⅲ,5.6
VT,抱え込みユルチェンコ1回ひねり,Ⅳ,2.4
VT,ロンダート、ひねり前転とび前方かかえ込み宙返りひねり,Ⅳ,2.6
VT,抱え込みユルチェンコ１回半ひねり,Ⅳ,2.8
VT,（ネモフ）ロンダート、ひねり前転とび前方屈身宙返りひねり,Ⅳ,3
VT,抱え込みユルチェンコ2回ひねり,Ⅳ,3.2
VT,伸身ユルチェンコ1回ひねり,Ⅳ,3.6
VT,（ハッチェオン）ロンダート、ひねり前転とび前方伸身宙返りひねり,Ⅳ,3.8
VT,伸身ユルチェンコ１回半ひねり,Ⅳ,4
VT,ロンダート、ひねり前転とび前方伸身宙返り1回ひねり,Ⅳ,4.2
VT,伸身ユルチェンコ2回 ひねり,Ⅳ,4.4
VT,ロンダート、ひねり前転とび前方伸身宙返り3/2ひねり,Ⅳ,4.6
VT,（シューフェルト）伸身ユルチェンコ5/2ひねり,Ⅳ,4.8
VT,ロンダート、ひねり前転とび前方伸身宙返り2回ひねり,Ⅳ,5
VT,（シライ/キム・ヒフン）伸身ユルチェンコ3回ひねり,Ⅳ,5.2
VT,（リー・シャオペン）ロンダート、ひねり前転とび前方伸身宙返り5/2ひねり,Ⅳ,5.4
VT,（シライ2）伸身ユルチェンコ３回半ひねり,Ⅳ,5.6
VT,ロンダート、後転とび,Ⅴ,1.2
VT,ロンダート、後転とびひねり,Ⅴ,1.4
VT,ロンダート、ひねり前転とび,Ⅴ,1.4
VT,ロンダート、後転とび1回ひねり,Ⅴ,1.6
VT,ロンダート、ひねり前転とびひねり,Ⅴ,1.6
VT,(ユルチェンコ)ロンダート、後転とび後方かかえ込み宙返り,Ⅴ,1.8
VT,ロンダート、ひねり前転とび1回ひねり,Ⅴ,1.8
VT,抱え込みユルチェンコひねり,Ⅴ,2
VT,屈身ユルチェンコ,Ⅴ,2
VT,ロンダート、ひねり前転とび前方かかえ込み宙返り,Ⅴ,2.2
VT,ロンダート、ひねり前転とび前方屈身宙返り,Ⅴ,2.6
VT,伸身ユルチェンコ,Ⅴ,2.8
VT,伸身ユルチェンコひねり,Ⅴ,3.2
VT,ロンダート、ひねり前転とび前方伸身宙返り,Ⅴ,3.4
VT,（ユルチェンコ宙返り、メリサニディス）ユルチェンコ後方かかえ込み宙返り,Ⅴ,4.8
VT,ロンダート、ひねり前転とび前方かかえ込み2回宙返り,Ⅴ,5
VT,（屈伸ユルチェンコ宙返り、ヤン・ウェイ）屈身メリサニディス,Ⅴ,5.2
PB,前振り上がり,Ⅰ,A
PB,前振り上がり1/4ひねり単棒横向き懸垂,Ⅰ,A
PB,前振り上がり開脚抜き倒立,Ⅰ,B
PB,（ワタナベ）ほん転ひねり腕支持,Ⅰ,B
PB,前振り上がりカトウ,Ⅰ,B
PB,ほん転開脚入れ腕支持,Ⅰ,B
PB,ほん転倒立,Ⅰ,B
PB,（ムンテアン）前振り上がり開脚抜き懸垂,Ⅰ,C
PB,（コフトゥン）ほん転1/4ひねり単棒横向き倒立,Ⅰ,C
PB,ほん転開脚入れ支持,Ⅰ,C
PB,（アームツイスト）前振り上がりひねり倒立,Ⅰ,E
PB,（アームディアミ、リチャード）前振り上がり片腕支持１回ひねり倒立,Ⅰ,E
PB,ソラキディス腕支持,Ⅰ,E
PB,（アームDツイスト）前振り上がり3/4(1/4)ひねり単棒倒立（単棒横向きけ上がり系の技に繋げた場合）,Ⅰ,F
PB,（アームディアミハーフ、ソラキディス２）前振り上がり片腕支持5/4ひねり単棒横向き倒立経過、1/4ひねり倒立,Ⅰ,F
PB,（ドミトリエンコ）前振り上がり後方かかえ込み２回宙返り腕支持,Ⅰ,F
PB,（アームマクーツ、ソラキディス）前振り上がり片腕支持3/4ひねり単棒倒立経過、軸手を換えて片腕支持3/4ひねり支持,Ⅰ,G
PB,後ろ振り上がり（ひねり）倒立,Ⅰ,B
PB,後ろ振り上がりひねり開脚抜き腕支持,Ⅰ,B
PB,後ろ振り上がりひねり開脚抜き支持,Ⅰ,C
PB,（アームライヘルト、ハラダ）前振り上がり後方かかえ込み宙返りひねり腕支持,Ⅰ,D
PB,後ろ振り上がりとびひねり倒立,Ⅰ,D
PB,（ダルトン）前振り上がり後方かかえ込み宙返りひねり懸垂,Ⅰ,E
PB,後ろ振り上がりとび3/4ひねり単棒横向き倒立,Ⅰ,E
PB,（リー・シャオペン）前振り上がり後方屈身２回宙返り腕支持,Ⅰ,G
PB,後ろ振り上がり開脚入れ屈腕支持,Ⅰ,A
PB,後ろ振り上がりひねり支持,Ⅰ,B
PB,後ろ振り上がり開脚入れ伸腕支持,Ⅰ,B
PB,（ヤマワキ）後ろ振り上がり前方かかえ込み（屈身）宙返り腕支持,Ⅰ,C
PB,（ホンマ）後ろ振り上がり前方屈身（伸身）宙返り支持,Ⅰ,D
PB,（ホンマバクダン、パクニック）後ろ振り上がり前方宙返り開脚抜き腕支持,Ⅰ,E
PB,後ろ振り上がり前方かかえ込み２回宙返り腕支持,Ⅰ,F
PB,（アームササキ、パクニック2）後ろ振り上がり前方宙返り開脚抜き懸垂,Ⅰ,F
PB,後ろ振り倒立,Ⅱ,A
PB,脚前挙支持（２秒）,Ⅱ,A
PB,単棒横向き脚前挙支持（２秒）,Ⅱ,A
PB,前振り開脚抜き支持,Ⅱ,A
PB,後ろ振り開脚入れ支持（脚前挙支持：２秒）,Ⅱ,A
PB,（カトウ）屈腕前振り上向きとび転向,Ⅱ,B
PB,屈腕伸身力倒立（２秒）,Ⅱ,B
PB,（シンピ倒立）伸腕屈身（開脚）力倒立（２秒）,Ⅱ,B
PB,前振り開脚抜き倒立,Ⅱ,B
PB,（ツイスト）前振りひねり（単棒）倒立,Ⅱ,C
PB,（サラザール）ディアミドフひねり腕支持,Ⅱ,C
PB,（バボス）前振り開脚抜き懸垂,Ⅱ,C
PB,（Dツイスト）（ビロゼルチェフ/ピータース）（ディミック）前振り（後方棒上宙返り）1/4ひねり単棒倒立,Ⅱ,D
PB,（ビロゼルチェフ/ピータース）（ディミック）前振り3/4ひねりとび（軸手と反対側の）単棒横向き倒立,Ⅱ,D
PB,（デフレタス）前振り片腕支持3/4ひねり単棒横向き倒立経過背面とび懸垂,Ⅱ,D
PB,（カルミニッチ）前振り1回ひねり腕支持,Ⅱ,B
PB,（カルバロ）前振り倒立肩転位支持,Ⅱ,B
PB,（ディアミドフ）前振り片腕支持1回ひねり倒立,Ⅱ,C
PB,マクーツ腕支持,Ⅱ,C
PB,前振り片腕支持3/4ひねり単棒倒立経過同軸手で3/4ひねり支持,Ⅱ,C
PB,後方棒上宙返り（単棒）倒立,Ⅱ,C
PB,（ツミロビッチ）後方棒上宙返りひねり腕支持,Ⅱ,C
PB,ディアミドフ（1/4）ひねり,Ⅱ,D
PB,ゾンダーランド腕支持,Ⅱ,D
PB,後方棒上宙返り開脚入れ支持,Ⅱ,D
PB,（ルンプティス）後方棒上宙返り単棒倒立 *ヒーリー系の技へつなげた場合,Ⅱ,D
PB,（マクーツ）前振り片腕支持3/4ひねり単棒倒立経過、軸手を換えて3/4ひneり支持,Ⅱ,E
PB,（モリスエ）後方棒上かかえ込み２回宙返り腕支持,Ⅱ,E
PB,（ゾンダーランド）前振り片腕支持5/4ひねり単棒倒立経過、軸手を換えて片腕支持5/4ひねり支持,Ⅱ,F
PB,（屈伸モリスエ、ファン・リーピン）後方棒上屈身２回宙返り腕支持,Ⅱ,F
PB,倒立1/4ひねり直ちに片腕支持3/4ひねり支持,Ⅱ,B
PB,後ろ振りひねり支持,Ⅱ,B
PB,（ブランドストローム）倒立3/4ひねり直ちに片腕支持3/4ひねり支持,Ⅱ,C
PB,（ノビコフ）後ろ振り倒立経過ひねり支持,Ⅱ,C
PB,後ろ振りひねり開脚抜き支持,Ⅱ,C
PB,（スアレス）後方棒上かかえ込み宙返りひねり腕支持,Ⅱ,D
PB,（ケアビタ）後方棒上２回宙返りひねり腕支持,Ⅱ,G
PB,（単棒）倒立からヒーリー腕支持,Ⅱ,A
PB,（移行）（後ろ振り）倒立ひねり,Ⅱ,A
PB,（後ろ振り）倒立ひねり（２秒）,Ⅱ,A
PB,単棒倒立になる振動技（B難度以上）からヒーリー腕支持,Ⅱ,B
PB,単棒倒立から3/4（1/2）ひねり倒立,Ⅱ,B
PB,（後ろ振り）倒立１回ひねり,Ⅱ,B
PB,後ろ振りとびひねり倒立,Ⅱ,C
PB,（ヒーリー）（単棒）倒立から片腕支持１回ひねり支持,Ⅱ,C
PB,後ろ振りとび3/4ひねり倒立,Ⅱ,D
PB,（べジェナル）単棒倒立になる振動技（B難度以上）からヒーリー支持,Ⅱ,D
PB,（ギャッツン）後ろ振りとび１回ひねり倒立,Ⅱ,E
PB,（ギャッツン２）後ろ振りとび5/4ひねり倒立経過1/4ひねり倒立,Ⅱ,F
PB,前方かかえ込み（屈身）宙返り腕支持,Ⅱ,B
PB,（カルバロ2）倒立から前方宙返り支持,Ⅱ,C
PB,（カルバロ2）倒立から肩転位支持,Ⅱ,C
PB,前方宙返り支持,Ⅱ,C
PB,（フアレス２）前方屈身宙返り懸垂,Ⅱ,C
PB,前方伸身宙返り腕支持,Ⅱ,C
PB,（バクダン）前方宙返り開脚抜き腕支持,Ⅱ,D
PB,（リー・チョルホン/ササキ）前方宙返り開脚抜き懸垂,Ⅱ,E
PB,前方宙返り開脚抜き屈腕支持,Ⅱ,E
PB,前方かかえ込み２回宙返り腕支持,Ⅱ,E
PB,（ウルジカ）前方宙返り１回ひねり腕支持,Ⅱ,E
PB,前方屈身２回宙返り腕支持,Ⅱ,F
PB,懸垂前振り上がり開脚（閉脚）抜きひねり腕支持,Ⅲ,B
PB,（Bモイ）懸垂前振り上がり（肩転位）支持*膝をまげて懸垂,Ⅲ,B
PB,（アルサディ）バブサー腕（屈腕）支持,Ⅲ,C
PB,（ノレット）伸膝で振り下ろし懸垂前振り上がり１回ひねり腕支持,Ⅲ,C
PB,（モイ）懸垂前振り上がり（肩転位）支持*伸膝で懸垂,Ⅲ,C
PB,（車輪、ケンモツ）後方（背面）車輪（単棒）倒立,Ⅲ,C
PB,（ウエルス）後方（背面）車輪1/4（1/2）ひねり倒立,Ⅲ,C
PB,（ティッペルト）伸膝で振り下ろし懸垂前振り上がり開脚抜き倒立,Ⅲ,D
PB,（ジラルド）伸膝で振り下ろし懸垂前振り上がり前方かかえ込み（屈身or開脚）宙返り腕支持,Ⅲ,D
PB,（ピアスキー）後方車輪単棒縦向き倒立*ヒーリー系の技へつなげた場合,Ⅲ,D
PB,（バブサー）懸垂前振り上がり開脚抜き伸身かつ水平位で懸垂,Ⅲ,E
PB,後方伸身宙返り懸垂,Ⅲ,B
PB,（グシケン）懸垂前振り後方宙返りひねり腕支持,Ⅲ,C
PB,（マリニチ）懸垂前振り後方宙返りひねり支持,Ⅲ,D
PB,（ダウザー）車輪マクーツ腕支持,Ⅲ,D
PB,車輪ディアミドフ（単棒倒立）,Ⅲ,E
PB,車輪ディアミドフ（1/4）ひねり,Ⅲ,F
PB,（ピアスキー）車輪ディアミドフ単棒倒立*ヒーリー系の技へつなげた場合,Ⅲ,F
PB,（バウマン）車輪マクーツ,Ⅲ,F
PB,後方車輪開脚入れ腕支持,Ⅲ,B
PB,（チャートランド）棒端懸垂前振り後方宙返りひねり懸垂,Ⅲ,C
PB,（コロレフ）後方車輪開脚入れ支持,Ⅲ,D
PB,（ライヘルト、マツナガ）懸垂前振り後方かかえ込み宙返りひねり腕支持,Ⅲ,D
PB,（ソーサ）懸垂前振り後方かかえ込み宙返りひねり開脚抜き腕支持,Ⅲ,E
PB,（ベーレ）懸垂前振り後方かかえ込み２回宙返り腕支持,Ⅲ,E
PB,（ソリス）懸垂前振り後方かかえ込み宙返りひねり懸垂,Ⅲ,E
PB,屈身ベーレ,Ⅲ,F
PB,（タナカ）懸垂前振りひねり前方かかえ込み２回宙返り腕支持,Ⅲ,G
PB,（キンテロ）ベーレ１回ひねり,Ⅲ,H
PB,け上がり支持,Ⅲ,A
PB,け上がりひねり支持,Ⅲ,B
PB,け上がり開脚抜き（両棒or単棒）倒立,Ⅲ,B
PB,（単棒開脚シンピ）単棒横向き開脚浮腰上がり支持経過倒立,Ⅲ,B
PB,（リードンファ）単棒横向き閉脚浮腰上がり脚上挙支持経過とびひねり反対の棒に懸垂,Ⅲ,B
PB,後方け上がり倒立,Ⅲ,C
PB,（オオクボ）け上がり開脚抜き懸垂,Ⅲ,C
PB,（単棒閉脚シンピ）単棒横向き閉脚浮腰上がり支持経過倒立,Ⅲ,C
PB,単棒横向き閉脚浮腰上がり支持経過とび3/4以上ひねり倒立,Ⅲ,D
PB,（トレス）懸垂前振り後方かかえ込み宙返りひねり支持,Ⅲ,E
PB,（フォーキン、伸身ライヘルト）懸垂前振り後方伸身宙返りひねり腕支持,Ⅲ,E
PB,（エスパルサ）懸垂前振りひねり前方屈身２回宙返り腕支持,Ⅲ,H
PB,棒下振り出し腕支持,Ⅲ,A
PB,棒下振り出しひねり腕支持,Ⅲ,A
PB,逆上がり（棒下宙返り）懸垂,Ⅲ,A
PB,棒下振り出し支持,Ⅲ,B
PB,棒下振り出しひねり支持,Ⅲ,B
PB,逆上がり（棒下宙返り）支持,Ⅲ,B
PB,逆上がり（棒下宙返り）ひねり腕支持,Ⅲ,C
PB,（アリカン）棒下振り出し開脚抜き倒立,Ⅲ,C
PB,逆上がり（棒下宙返り）直接開脚入れ支持,Ⅲ,C
PB,逆上がり（棒下宙返り）宙返りひねり支持,Ⅲ,D
PB,（棒下倒立）（クシェラ/セレン）逆上がり（棒下宙返り）（単棒）倒立,Ⅲ,D
PB,（クシェラ/セレン）逆上がり（棒下宙返り）1/4ひねり倒立,Ⅲ,D
PB,（棒下ひねり）逆上がり（棒下宙返り）（3/4）ひねり倒立,Ⅲ,E
PB,（シャルロ）逆上がり（棒下宙返り）単棒倒立*ヒーリー系の技へつなげた場合,Ⅲ,E
PB,（テンハイビン）逆上がり（棒下宙返り）1回ひねり倒立,Ⅲ,F
PB,（ツォウ・シ−ション）逆上がり（棒下宙返り）5/4ひねり倒立,Ⅲ,G
PB,（ヤマムロ）逆上がり（棒下宙返り）マクーツ,Ⅲ,G
PB,前方棒下宙返り支持,Ⅲ,A
PB,前方棒下宙返りひねり支持,Ⅲ,B
PB,（ギャニオン）逆上がり（棒下宙返り）、かかえ込み姿勢でひねり腕支持,Ⅲ,B
PB,（ギャニオン2）逆上がり（棒下宙返り）、伸身姿勢でひねり腕支持,Ⅲ,C
PB,（単棒ホンテン倒立入り）横向き逆上がり1/4ひねり倒立,Ⅲ,D
PB,（テハダ）逆上がり（棒下宙返り）後方かかえ込み宙返り腕支持,Ⅲ,E
PB,（ニューエン）横向き逆上がり（3/4）ひねり倒立,Ⅲ,E
PB,（マローン）横向き逆上がり倒立直ちに片腕支持1/4ひねり支持,Ⅲ,E
PB,（フアレス）逆上がり（棒下宙返り）後方屈身宙返り腕支持,Ⅲ,F
PB,前方屈身（伸身）宙返り（ひねり）下り,Ⅳ,A
PB,後方屈身（伸身）宙返り（ひねり）下り,Ⅳ,A
PB,前方屈身（伸身）宙返り１回ひねり下り,Ⅳ,B
PB,前方屈身（伸身）宙返り3/2ひねり下り,Ⅳ,C
PB,棒端前方かかえ込み２回宙返り下り,Ⅳ,C
PB,後方屈身（伸身）宙返り１回（3/2）ひねり下り,Ⅳ,C
PB,前方屈身（伸身）宙返り２回（5/2）ひねり下り,Ⅳ,D
PB,（カン）後方伸身宙返り２回ひねり下り,Ⅳ,D
PB,（前方ダブル）前方かかえ込み２回宙返り下り,Ⅳ,E
PB,（前方ダブルハーフ）前方かかえ込み２回宙返りひねり下り,Ⅳ,E
PB,後ろ振りひねり後方かかえ込み２回宙返り下り,Ⅳ,E
PB,（ベルヤフスキー）前方屈身２回宙返り下り,Ⅳ,F
PB,（ダラロヤン）前方屈身２回宙返りひねり下り,Ⅳ,F
PB,（ラーデュエ）前方かかえ込み２回宙返り１回ひねり下り,Ⅳ,G
PB,棒端懸垂前振り後方伸身宙返り下り,Ⅳ,A
PB,棒端後方かかえ込み２回宙返り下り,Ⅳ,B
PB,（抱え込みダブル）後方かかえ込み２回宙返り下り,Ⅳ,C
PB,棒端懸垂前振り後方かかえ込み２回宙返り下り,Ⅳ,C
PB,（ロースリスバーガー）後ろ振り片腕支持ひねり後方かかえ込み（屈身）宙返り下り,Ⅳ,D
PB,（ジャック）後方屈身２回宙返り下り,Ⅳ,D
PB,（ダイビングダブル）後方かかえ込み２回宙返りひねり下り,Ⅳ,D
PB,後方宙返りひねり前方かかえ込み宙返り下り,Ⅳ,D
PB,棒端懸垂前振り後方屈身２回宙返り下り,Ⅳ,D
PB,（アルバレス）棒端懸垂前振り後方伸身２回宙返り下り,Ⅳ,E
PB,（サルト、カトウヒロユキ）後方かかえ込み２回宙返り１回ひねり下り,Ⅳ,G
PB,棒端懸垂前振り後方かかえ込み３回宙返り下り,Ⅳ,G
PB,棒端懸垂前振り後方かかえ込み２回宙返り1回(1/2)ひねり下り,Ⅳ,E
PB,棒端懸垂前振り後方かかえ込み２回宙返り2回ひねり下り,Ⅳ,F
HB,後ろ振り上がり倒立,Ⅰ,A
HB,後ろ振り上がりひねり倒立,Ⅰ,A
HB,前方車輪,Ⅰ,A
HB,(移行)前方車輪ひねり倒立,Ⅰ,A
HB,片逆手後ろ振り上がり1回ひねり（片逆手）倒立,Ⅰ,B
HB,後ろ振りとび1回ひねり懸垂,Ⅰ,B
HB,前方車輪1回ひねり片大逆手,Ⅰ,B
HB,前方とび車輪（ひねり）,Ⅰ,B
HB,後ろ振り上がりとび1回ひねり支持,Ⅰ,C
HB,前方車輪1回ひねり大逆手,Ⅰ,C
HB,前方とび車輪1回ひねり,Ⅰ,C
HB,後方車輪,Ⅰ,A
HB,（ツイスト）後方車輪ひねり倒立,Ⅰ,A
HB,後方車輪とび逆手持ち換え,Ⅰ,A
HB,前方片手車輪,Ⅰ,B
HB,後方片手車輪,Ⅰ,B
HB,後方とび車輪,Ⅰ,B
HB,（ツォ・リミン）前方車輪１回ひねり片手大逆手後ろ振り上がり１回ひねり倒立,Ⅰ,C
HB,（クースト、ホップターン）後方とび車輪１回ひねり,Ⅰ,C
HB,後方とび車輪ひねり大逆手,Ⅰ,B
HB,後方車輪ひねり大逆手,Ⅰ,B
HB,懸垂前振りとび大逆手持ち換え,Ⅰ,B
HB,大逆手車輪,Ⅰ,B
HB,後方とび車輪3/2ひねり片大逆手（逆手or片逆手）,Ⅰ,C
HB,逆手背面車輪（ロシア式車輪）,Ⅰ,C
HB,（リバルコ）後方とび車輪3/2ひねり大逆手,Ⅰ,D
HB,順手背面車輪（チェコ式車輪）,Ⅰ,D
HB,（オノ）順手背面懸垂前振り上がりひねり支持,Ⅰ,A
HB,大逆手振り上がり１回ひねり（片逆手）倒立,Ⅰ,B
HB,順手背面車輪ひねり倒立から前方車輪,Ⅰ,C
HB,後ろ振り上がり開脚とび越し背面懸垂,Ⅱ,B
HB,（マルケロフ）（プリンチピ）後ろ振り上がり開脚とび越しひねり懸垂,Ⅱ,C
HB,（コスミック/ヤマワキ/ミューノズ/ポッゾ）伸身マルケロフ（ひねり）,Ⅱ,C
HB,（トカチェフ/リンチ）懸垂前振り開脚背面とび越し（ひねり）懸垂,Ⅱ,C
HB,（ナシログ）屈身トカチェフ（ひねり）,Ⅱ,C
HB,（モズニク）（伸身トカチェフ）（ひねり）,Ⅱ,D
HB,（クレザ）トカチェフひねり大逆手後ろ振り上がり倒立,Ⅱ,E
HB,（ウェルストロム）ヤマワキ１回ひねり,Ⅱ,G
HB,（リューキン）伸身トカチェフ１回ひねり,Ⅱ,G
HB,（ボローニン）後ろ振り上がり屈身ひねりとび越し懸垂,Ⅱ,B
HB,後ろ振り上がり上向きとび越し懸垂,Ⅱ,B
HB,（イエーガー）（大逆手）前方開脚（かかえ込み）宙返り懸垂,Ⅱ,C
HB,（ピアッティ）シュタルダー（後方浮支持回転）からトカチェフ（ひねり）,Ⅱ,D
HB,屈身ピアッティ（ひねり）,Ⅱ,D
HB,（大逆手）屈身イエーガー,Ⅱ,D
HB,（キエルコフスキー）伸身ピアッティ（ひねり）,Ⅱ,E
HB,（バラバノフ）（大逆手）前方伸身宙返り懸垂,Ⅱ,E
HB,（ウィンクラー/ポゴレロフ）（大逆手）前方伸身宙返り１回ひねり懸垂,Ⅱ,G
HB,（スアレス）伸身ピアッティ１回ひねり,Ⅱ,H
HB,（ウィンクラー1回ひねり/パラバノフ2回ひねり）（大逆手）前方伸身宙返り２回ひねり懸垂,Ⅱ,H
HB,順手背面懸垂前振り、開脚背面とび越し懸垂,Ⅱ,C
HB,（シャオ・ルイチ）懸垂前振り前方開脚宙返り懸垂,Ⅱ,D
HB,（ゲイロード）（大逆手から）バーを越えながら前方かかえ込み宙返り懸垂,Ⅱ,E
HB,（デルチェフ）懸垂前振りひねり前方開脚宙返り懸垂,Ⅱ,C
HB,（ギンガー/サプロネンコ）後方屈身（伸身）宙返りひねり懸垂,Ⅱ,C
HB,（デフ）ギンガー１回ひねり,Ⅱ,G
HB,（ペガン）ゲイロードひねり,Ⅱ,G
HB,（コーディノフ）ゲイロード1回ひねり,Ⅱ,H
HB,（コバチハーフ）バーを越えながら後方かかえ込み宙返りひねり懸垂,Ⅱ,D
HB,（コバチ）バーを越えながら後方かかえ込み宙返り懸垂,Ⅱ,D
HB,（ゲイロード２）バーを越えながら後方屈身宙返りひねり懸垂,Ⅱ,E
HB,（コールマン）コバチ１回ひねり,Ⅱ,E
HB,屈身（伸身）コバチ,Ⅱ,E
HB,屈身ゲイロード,Ⅱ,F
HB,（カッシーナ）（屈身：ピネダ）屈身（伸身）コバチ１回ひねり,Ⅱ,G
HB,（マラス）屈身ペガン,Ⅱ,H
HB,（ブレットシュナイダー）コバチ２回ひねり,Ⅱ,H
HB,（シャハム）コバチ3/2ひねり片逆手,Ⅱ,G
HB,（ミヤチ）伸身コバチ２回ひねり,Ⅱ,I
HB,（片逆手）け上がり倒立,Ⅲ,A
HB,懸垂振り出し倒立,Ⅲ,A
HB,（ホンテン倒立）後方浮支持回転倒立,Ⅲ,A
HB,（ワイラー）倒立から前方浮支持回転倒立,Ⅲ,B
HB,懸垂振り出しとび逆手持ち換え倒立,Ⅲ,A
HB,後方浮支持回転とび逆手倒立,Ⅲ,A
HB,（エンドー）前方開脚浮腰回転倒立,Ⅲ,B
HB,（シュタルダー）後方開脚浮腰回転倒立,Ⅲ,B
HB,閉脚エンドー,Ⅲ,C
HB,閉脚シュタルダー,Ⅲ,C
HB,シュタルダーとび3/2ひねり片大逆手,Ⅲ,D
HB,（シュタルダーリバルコ）シュタルダーとび3/2ひねり大逆手,Ⅲ,E
HB,シュタルダーとび逆手持ち換え倒立,Ⅲ,B
HB,閉脚シュタルダーとび逆手持ち換え倒立,Ⅲ,C
HB,（アドラー）前方浮腰回転振り出し倒立,Ⅲ,C
HB,アドラーひねり倒立,Ⅲ,C
HB,アドラーとび逆手(順手or片逆手)倒立,Ⅲ,C
HB,アドラー１回ひねり逆手倒立,Ⅲ,E
HB,（フェンテス）アドラーとび1回ひねり大逆手,Ⅲ,E
HB,順手背面後ろ振り出し,Ⅲ,A
HB,（シュタイネマン）順手背面懸垂前振り上がり背面支持,Ⅲ,B
HB,順手背面懸垂前振り上がり両脚横抜き支持（懸垂）,Ⅲ,B
HB,後方浮腰回転後ろ振り出し順手背面懸垂,Ⅲ,C
HB,（ケステ）順手背面懸垂前振り上がり後方浮腰回転倒立,Ⅲ,C
HB,（バルダウフ）アドラー（とび）１回ひねり片逆手（片大逆手）倒立,Ⅲ,D
HB,前方浮腰回転開脚抜き懸垂（支持）,Ⅲ,A
HB,前方浮腰回転開脚抜き倒立経過,Ⅲ,B
HB,大逆手エンドー,Ⅲ,C
HB,（カルバロ）前方浮腰回転開脚抜きひねり懸垂,Ⅲ,C
HB,大逆手閉脚エンドー,Ⅲ,D
HB,（キンテロ）前方浮腰回転開脚抜き１回ひねり片大逆手,Ⅲ,D
HB,前方浮腰回転開脚抜き１回ひねり大逆手,Ⅲ,E
HB,前方屈身（伸身）宙返り（ひねり）下り,Ⅳ,A
HB,前方伸身宙返り１回（3/2）ひねり下り,Ⅳ,B
HB,前方伸身宙返り２回（5/2）ひねり下り,Ⅳ,C
HB,前方かかえ込み（屈身）２回宙返り（ひねり）下り,Ⅳ,C
HB,（ロースリースバーガー１）バーを越えながら前方かかえ込み（屈身）２回宙返り（ひねり）下り,Ⅳ,C
HB,前方かかえ込み（屈身）２回宙返り１回（3/2）ひねり下り,Ⅳ,D
HB,（ロースリースバーガー２）(バーを越えながら)前方伸身２回宙返り（ひねり）下り,Ⅳ,D
HB,バーを越えながら前方かかえ込み(屈身)２回宙返り１回（3/2）ひねり下り,Ⅳ,D
HB,前方かかえ込み（屈身）２回宙返り２回（5/2）ひねり下り,Ⅳ,E
HB,（アルバレス）前方伸身２回宙返り１回（3/2）ひねり下り,Ⅳ,E
HB,（ルンプティス）前方かかえ込み３回宙返り（ひねり）下り,Ⅳ,G
HB,後方屈身（伸身）宙返り（ひねりｏｒ１回ひねり）下り,Ⅳ,A
HB,後方伸身宙返り２回（3/2）ひねり下り,Ⅳ,B
HB,後方かかえ込み（屈身）２回宙返り下り,Ⅳ,B
HB,後方伸身宙返り３回（5/2）ひねり下り,Ⅳ,C
HB,（抱え込みサルト、ツカハラ）後方かかえ込み２回宙返り１回ひねり下り,Ⅳ,C
HB,後方伸身２回宙返り下り,Ⅳ,C
HB,（抱え込みルドルフ）後方かかえ込み２回宙返り２回ひねり下り,Ⅳ,D
HB,（サルト）後方伸身２回宙返り１回ひねり下り,Ⅳ,D
HB,（ルドルフ、ワタナベ）後方伸身２回宙返り２回ひねり下り,Ⅳ,E
HB,（フェドルチェンコ）後方伸身２回宙返り３回ひねり下り,Ⅳ,F
HB,（アンドリアノフ/ホフマン）（バーを越えながら）後方かかえ込み３回宙返り下り,Ⅳ,F
HB,大開脚（大伸身）とび越し（ひねり）下り,Ⅳ,A
HB,バーを越えながら、後方かかえ込み２回宙返り下り,Ⅳ,B
HB,大伸身とび越し１回（3/2）ひねり下り,Ⅳ,B
HB,バーを越えながら、後方かかえ込み２回宙返り１回ひねり下り,Ⅳ,C
HB,バーを越えながら、後方伸身２回宙返り下り,Ⅳ,C
HB,バーを越えながら、後方かかえ込み２回宙返り２回ひねり下り,Ⅳ,D
HB,（ヘイデン）バーを越えながら、後方伸身２回宙返り１回ひねり下り,Ⅳ,D
HB,大伸身とび越し２回ひねり下り,Ⅳ,D
HB,（フォーク、バルベルデ）バーを越えながら、後方伸身２回宙返り２回(3/2)ひねり下り,Ⅳ,E
HB,（ファルダン）後方屈身３回宙返り下り,Ⅳ,G
HB,（ベーレ）後方かかえ込み３回宙返り１回ひねり下り,Ⅳ,G